<?xml version="1.0" encoding="UTF-8"?>
<beans xmlns="http://www.springframework.org/schema/beans"
	xmlns:xsi="http://www.w3.org/2001/XMLSchema-instance" xmlns:util="http://www.springframework.org/schema/util"
	xmlns:tx="http://www.springframework.org/schema/tx" xmlns:aop="http://www.springframework.org/schema/aop"
	xsi:schemaLocation="http://www.springframework.org/schema/beans http://www.springframework.org/schema/beans/spring-beans-2.0.xsd
                           http://www.springframework.org/schema/util http://www.springframework.org/schema/util/spring-util-2.0.xsd
                           http://www.springframework.org/schema/tx http://www.springframework.org/schema/tx/spring-tx-2.0.xsd
                           http://www.springframework.org/schema/aop http://www.springframework.org/schema/aop/spring-aop-2.0.xsd">

	<bean id="stationKpiService" class="com.shjv.escs.stationkpi.service.impl.StationKpiServiceImpl">
		<property name="commonCorpInfoService" ref="commonCorpInfoService"></property>
		<property name="devCommonService" ref="devCommonService"></property>
		<property name="fmService" ref="FMService"></property>
		<property name="stationInfoService" ref="stationInfoService"></property>
		<property name="dataTableService" ref="dataTableService"></property>
		<property name="stationInfoDao" ref="stationInfoDao"></property>
		<property name="devService" ref="devService"></property>
		<property name="signalSetService" ref="signalSetService"></property>
		<property name="dictService" ref="dictService"></property>
		<property name="subareaMapService" ref="subareaMapService"></property>
		<property name="appDataItemService" ref="appDataItemService"/>
	</bean>

	<!-- 配置定时任务 -->
	<!-- 缓存辐照强度 -->
	<!-- <bean id="cacheIrradiationJob" class="com.shjv.escs.stationkpi.quartz.CacheIrradiationJob">
		<property name="stationKpiService">
			<ref bean="stationKpiService" />
		</property>

	</bean>
	<bean id="cacheIrradiationJobDetailBean" class="org.springframework.scheduling.quartz.JobDetailBean">
		<property name="jobClass"
				  value="com.shjv.escs.stationkpi.quartz.CacheIrradiationJob" />
		<property name="jobDataAsMap">
			<map>
				<entry key="stationKpiService" value-ref="stationKpiService"></entry>
			</map>
		</property>
	</bean>
	<bean id="cacheIrradiationJobTrigger" class="org.springframework.scheduling.quartz.CronTriggerBean">
		<property name="jobDetail" ref="cacheIrradiationJobDetailBean" />
		<property name="cronExpression">
			<value>0 0/5 * * * ?</value>
		</property>
	</bean>

	<bean id="cacheIrradiationJobScheduler"
		  class="org.springframework.scheduling.quartz.SchedulerFactoryBean">
		<property name="triggers">
			<list>
				<ref local="cacheIrradiationJobTrigger" />
			</list>
		</property>
	</bean>

	缓存功率
	<bean id="cachePowerJob" class="com.shjv.escs.stationkpi.quartz.CachePowerJob">
		<property name="stationKpiService">
			<ref bean="stationKpiService" />
		</property>

	</bean>
	<bean id="cachePoserJobDetailBean" class="org.springframework.scheduling.quartz.JobDetailBean">
		<property name="jobClass"
				  value="com.shjv.escs.stationkpi.quartz.CachePowerJob" />
		<property name="jobDataAsMap">
			<map>
				<entry key="stationKpiService" value-ref="stationKpiService"></entry>
			</map>
		</property>
	</bean>
	<bean id="cachePowerJobTrigger" class="org.springframework.scheduling.quartz.CronTriggerBean">
		<property name="jobDetail" ref="cachePoserJobDetailBean" />
		<property name="cronExpression">
			<value>0 0/5 * * * ?</value>
		</property>
	</bean>

	<bean id="cachePowerJobScheduler"
		  class="org.springframework.scheduling.quartz.SchedulerFactoryBean">
		<property name="triggers">
			<list>
				<ref local="cachePowerJobTrigger" />
			</list>
		</property>
	</bean>

	缓存月发电量统计
	<bean id="cacheMonthElectricityJob" class="com.shjv.escs.stationkpi.quartz.CacheMonthElectricityJob">
		<property name="stationKpiService">
			<ref bean="stationKpiService" />
		</property>

	</bean>
	<bean id="cacheMonthElectricityJobDetailBean" class="org.springframework.scheduling.quartz.JobDetailBean">
		<property name="jobClass"
				  value="com.shjv.escs.stationkpi.quartz.CacheMonthElectricityJob" />
		<property name="jobDataAsMap">
			<map>
				<entry key="stationKpiService" value-ref="stationKpiService"></entry>
			</map>
		</property>
	</bean>
	<bean id="cacheMonthElectricityJobTrigger" class="org.springframework.scheduling.quartz.CronTriggerBean">
		<property name="jobDetail" ref="cacheMonthElectricityJobDetailBean" />
		<property name="cronExpression">
			<value>0 0/5 * * * ?</value>
		</property>
	</bean>

	<bean id="cacheMonthElectricityJobScheduler"
		  class="org.springframework.scheduling.quartz.SchedulerFactoryBean">
		<property name="triggers">
			<list>
				<ref local="cacheMonthElectricityJobTrigger" />
			</list>
		</property>
	</bean>


	缓存总发电量，当日发电量，二氧化碳减排量等值.0点清除当日发电量缓存
	<bean id="cacheKpiSignalValueJob" class="com.shjv.escs.stationkpi.quartz.CacheKpiSignalValueJob"/>
	<bean id="cacheKpiSignalValueJobDetailBean" class="org.springframework.scheduling.quartz.JobDetailBean">
		<property name="jobClass"
				  value="com.shjv.escs.stationkpi.quartz.CacheKpiSignalValueJob" />
	</bean>
	<bean id="cacheKpiSignalValueJobTrigger" class="org.springframework.scheduling.quartz.CronTriggerBean">
		<property name="jobDetail" ref="cacheKpiSignalValueJobDetailBean" />
		<property name="cronExpression">
			<value>0 0 1 * *  ?</value>
		</property>
	</bean>
	<bean id="cacheKpiSignalValueJobScheduler"
		  class="org.springframework.scheduling.quartz.SchedulerFactoryBean">
		<property name="triggers">
			<list>
				<ref local="cacheKpiSignalValueJobTrigger" />
			</list>
		</property>
	</bean> -->
</beans>